username,password
user1@gmail.com,pass1
user2@gmail.com,pass2
user3@gmail.com,pass3
user4@gmail.com,pass4
user5@gmail.com,pass5
user6@gmail.com,pass6
user7@gmail.com,pass7
user8@gmail.com,pass8
user9@gmail.com,pass9
user10@gmail.com,pass10
user11@gmail.com,pass11
user12@gmail.com,pass12
user13@gmail.com,pass13
user14@gmail.com,pass14
user15@gmail.com,pass15
user16@gmail.com,pass16
user17@gmail.com,pass17
user18@gmail.com,pass18
user19@gmail.com,pass19
user20@gmail.com,pass20
user21@gmail.com,pass21
user22@gmail.com,pass22
user23@gmail.com,pass23
user24@gmail.com,pass24
user25@gmail.com,pass25
user26@gmail.com,pass26
user27@gmail.com,pass27
user28@gmail.com,pass28
user29@gmail.com,pass29
user30@gmail.com,pass30
user31@gmail.com,pass31
user32@gmail.com,pass32
user33@gmail.com,pass33
user34@gmail.com,pass34
user35@gmail.com,pass35
user36@gmail.com,pass36
user37@gmail.com,pass37
user38@gmail.com,pass38
user39@gmail.com,pass39
user40@gmail.com,pass40
user41@gmail.com,pass41
user42@gmail.com,pass42
user43@gmail.com,pass43
user44@gmail.com,pass44
user45@gmail.com,pass45
user46@gmail.com,pass46
user47@gmail.com,pass47
user48@gmail.com,pass48
user49@gmail.com,pass49
user50@gmail.com,pass50
user51@gmail.com,pass51
user52@gmail.com,pass52
user53@gmail.com,pass53
user54@gmail.com,pass54
user55@gmail.com,pass55
user56@gmail.com,pass56
user57@gmail.com,pass57
user58@gmail.com,pass58
user59@gmail.com,pass59
user60@gmail.com,pass60
user61@gmail.com,pass61
user62@gmail.com,pass62
user63@gmail.com,pass63
