username,fullname
user1@gmail.com,user1
user2@gmail.com,user2
user3@gmail.com,user3
user4@gmail.com,user4
user5@gmail.com,user5
user6@gmail.com,user6
user7@gmail.com,user7
user8@gmail.com,user8
user9@gmail.com,user9
user10@gmail.com,user10
user11@gmail.com,user11
user12@gmail.com,user12
user13@gmail.com,user13
user14@gmail.com,user14
user15@gmail.com,user15
user16@gmail.com,user16
user17@gmail.com,user17
user18@gmail.com,user18
user19@gmail.com,user19
user20@gmail.com,user20
user21@gmail.com,user21
user22@gmail.com,user22
user23@gmail.com,user23
user24@gmail.com,user24
user25@gmail.com,user25
user26@gmail.com,user26
user27@gmail.com,user27
user28@gmail.com,user28
user29@gmail.com,user29
user30@gmail.com,user30
user31@gmail.com,user31
user32@gmail.com,user32
user33@gmail.com,user33
user34@gmail.com,user34
user35@gmail.com,user35
user36@gmail.com,user36
user37@gmail.com,user37
user38@gmail.com,user38
user39@gmail.com,user39
user40@gmail.com,user40
user41@gmail.com,user41
user42@gmail.com,user42
user43@gmail.com,user43
user44@gmail.com,user44
user45@gmail.com,user45
user46@gmail.com,user46
user47@gmail.com,user47
user48@gmail.com,user48
user49@gmail.com,user49
user50@gmail.com,user50
user51@gmail.com,user51
user52@gmail.com,user52
user53@gmail.com,user53
user54@gmail.com,user54
user55@gmail.com,user55
user56@gmail.com,user56
user57@gmail.com,user57
user58@gmail.com,user58
user59@gmail.com,user59
user60@gmail.com,user60
user61@gmail.com,user61
user62@gmail.com,user62
user63@gmail.com,user63
